<?xml version="1.0" encoding="UTF-8"?>
<beans xmlns="http://www.springframework.org/schema/beans"
	xmlns:xsi="http://www.w3.org/2001/XMLSchema-instance"
	xsi:schemaLocation="http://www.springframework.org/schema/beans http://www.springframework.org/schema/beans/spring-beans.xsd">

	<bean name="productCategoryController"
		class="com.mobicule.icatalog.product.controller.ProductCategoryController">
		<property name="productCategoryService" ref="productCategoryService" />
		<property name="methodNameResolver" ref="paramResolver"/>
		<property name="imageConfig" ref="imageConfig"></property>
	</bean>
	<bean name="productController"
		class="com.mobicule.icatalog.product.controller.ProductController">
		<property name="productService" ref="productService" />
		<property name="productCategoryService" ref="productCategoryService" />
		<property name="methodNameResolver" ref="paramResolver"/>
	</bean>
</beans>