<?xml version="1.0" encoding="UTF-8"?>
<!DOCTYPE hibernate-mapping PUBLIC
	"-//Hibernate/Hibernate Mapping DTD 3.0//EN"
	"http://hibernate.sourceforge.net/hibernate-mapping-3.0.dtd">
<hibernate-mapping>

	<class name="com.mobicule.icatalog.product.bean.ProductInventory"
		table="PRODUCT_INVENTORY" dynamic-update="true" dynamic-insert="true">
		<id name="id" type="java.lang.Long">
			<column name="ID" />
			<generator class="identity" />
		</id>

		<property name="createdOn" type="java.sql.Timestamp">
			<column name="CREATED_ON" />
		</property>
		<property name="createdBy" type="java.lang.Long">
			<column name="CREATED_BY" />
		</property>
		<property name="modifiedOn" type="java.sql.Timestamp">
			<column name="MODIFIED_ON" />
		</property>
		<property name="modifiedBy" type="java.lang.Long">
			<column name="MODIFIED_BY" />
		</property>
		<property name="deleteFlag" type="string">
			<column name="DELETE_FLAG" />
		</property>

		<property name="productId" type="java.lang.Long" access="property">
			<column name="PRODUCT_ID" />
		</property>
		<property name="inventory" type="java.lang.Long">
			<column name="INVENTORY" />
		</property>

	<property name="territoryId" type="java.lang.Long" access="property">
			<column name="TERRITORY_ID" />
		</property>

	</class>
</hibernate-mapping>		