<?xml version="1.0" encoding="UTF-8"?>
<!DOCTYPE hibernate-mapping PUBLIC
	"-//Hibernate/Hibernate Mapping DTD 3.0//EN"
	"http://hibernate.sourceforge.net/hibernate-mapping-3.0.dtd">
<hibernate-mapping>

	<class name="com.mobicule.icatalog.product.bean.Product" table="PRODUCT"
		dynamic-update="true" dynamic-insert="true">
		<id name="id" type="java.lang.Long">
			<column name="ID" />
			<generator class="identity" />
		</id>

		<property name="createdOn" type="java.sql.Timestamp">
			<column name="CREATED_ON" />
		</property>
		<property name="createdBy" type="java.lang.Long">
			<column name="CREATED_BY" />
		</property>
		<property name="modifiedOn" type="java.sql.Timestamp">
			<column name="MODIFIED_ON" />
		</property>
		<property name="modifiedBy" type="java.lang.Long">
			<column name="MODIFIED_BY" />
		</property>
		<property name="deleteFlag" type="string">
			<column name="DELETE_FLAG" />
		</property>

		<property name="code" type="string">
			<column name="CODE" />
		</property>
		<property name="name" type="string">
			<column name="NAME" />
		</property>
		<property name="description" type="string">
			<column name="DESCRIPTION" />
		</property>


		<property name="categoryId" type="java.lang.Long" access="property">
			<column name="CATEGORY_ID" />
		</property>
		<property name="dimensions" type="string">
			<column name="DIMENSIONS" />
		</property>
		<property name="offerFlag" type="string">
			<column name="OFFER_FLAG" />
		</property>
		<property name="offerDescription" type="string">
			<column name="OFFER_DESCRIPTION" />
		</property>
		<property name="giftFlag" type="string">
			<column name="GIFT_FLAG" />
		</property>
		<property name="giftDescription" type="string">
			<column name="GIFT_DESCRIPTION" />
		</property>
		<property name="searchTags" type="string">
			<column name="SEARCH_TAGS" />
		</property>
		<property name="brand" type="string">
			<column name="BRAND" />
		</property>
		<property name="season" type="string">
			<column name="SEASON" />
		</property>
		<property name="department" type="string">
			<column name="DEPARTMENT" />
		</property>
		<property name="subDepartment" type="string">
			<column name="SUB_DEPARTMENT" />
		</property>
		<property name="productClass" type="string">
			<column name="CLASS" />
		</property>
		<property name="subClass" type="string">
			<column name="SUB_CLASS" />
		</property>
		<property name="style" type="string">
			<column name="STYLE" />
		</property>
		<property name="imageModifiedOn" type="java.sql.Timestamp">
			<column name="IMAGE_MODIFIED_ON" />
		</property>




	</class>
</hibernate-mapping>		
