<?xml version="1.0" encoding="UTF-8"?>
<beans xmlns="http://www.springframework.org/schema/beans"
	xmlns:xsi="http://www.w3.org/2001/XMLSchema-instance"
	xsi:schemaLocation="http://www.springframework.org/schema/beans http://www.springframework.org/schema/beans/spring-beans.xsd">

	<bean name="customerShortlistController"
		class="com.mobicule.icatalog.customer.controller.CustomerShortlistController">
		<property name="customerShortlistService" ref="customerShortlistService" />
		<property name="customerService" ref="customerService" />
		<property name="productService" ref="productService" />
		<property name="conceptService" ref="conceptService" />
		<property name="systemUserService" ref="userService" />
		<property name="methodNameResolver" ref="paramResolver"/>

	</bean>
	
</beans>