<?xml version="1.0" encoding="UTF-8"?>
<beans xmlns="http://www.springframework.org/schema/beans"
	xmlns:xsi="http://www.w3.org/2001/XMLSchema-instance"
	xsi:schemaLocation="http://www.springframework.org/schema/beans
http://www.springframework.org/schema/beans/spring-beans-2.5.xsd">

	<bean id="mailSender" class="org.springframework.mail.javamail.JavaMailSenderImpl">
		<property name="port" value="465" />
		<property name="host" value="smtp.gmail.com" />
		<property name="username" value="raman.priyadarshi@cmss.in" />
		<property name="password" value="raman@cmss" />

		<property name="javaMailProperties">
			<props>
				<prop key="mail.debug">true</prop>
				<prop key="mail.smtp.auth">true</prop>
				<prop key="mail.smtp.socketFactory.class">javax.net.ssl.SSLSocketFactory</prop>
				<!-- <prop key="mail.smtp.starttls.enable">true</prop> -->
			</props>
		</property>
	</bean>

	

	<bean id="simpleMailMessage" class="org.springframework.mail.SimpleMailMessage">

		<property name="from" value="raman31oct@gmail.com" />
		<property name="subject" value="" />
		<property name="text">
			<value>

		<![CDATA[
Dear User,
<br/>
<br/>
You just got a Geeni Award .
<br/>
<br/>
<br/>	
Geeni , Always make You Feel Awarded .
<br/>			
<br/>
Keep Playing .
<br/>
<br/>					
Thanks & Regards<br/>
Geeni Team .
<br/>
<br/>

(This is an auto generated email please do not reply to this id.) 	
			
		]]>
			</value>
		</property>
	</bean>



	<bean id="sendOtpOnMailService" class="com.mobiowin.flashdeals.helper.service.SendOtpOnMailService">
		<property name="mailSender" ref="mailSender" />
		<property name="simpleMailMessage" ref="simpleMailMessage" />
	</bean>
</beans>
