<?xml version="1.0" encoding="UTF-8"?>
<beans xmlns="http://www.springframework.org/schema/beans"
	xmlns:xsi="http://www.w3.org/2001/XMLSchema-instance" xmlns:aop="http://www.springframework.org/schema/aop"
	xmlns:tx="http://www.springframework.org/schema/tx"
	xsi:schemaLocation="
http://www.springframework.org/schema/beans http://www.springframework.org/schema/beans/spring-beans-2.0.xsd
http://www.springframework.org/schema/aop http://www.springframework.org/schema/aop/spring-aop-2.0.xsd
http://www.springframework.org/schema/tx http://www.springframework.org/schema/tx/spring-tx-2.0.xsd
">

	<!-- Import Resource -->
	<!-- Common Bean Defs -->
	<import resource="/commons/database-config.xml" />
	<import resource="/commons/logging-aop.xml" />
	<import resource="/commons/app-config.xml" />
	
	<!-- Concept Module Bean Defs -->
	 <import resource="/concept/dao-config.xml" />
	<import resource="/concept/service-config.xml" /> 

	<!-- Product Module Bean Defs -->
	<import resource="/product/dao-config.xml" />
	<import resource="/product/service-config.xml" />

	<!-- Customer module -->
	<import resource="/customer/dao-config.xml" />
	<import resource="/customer/service-config.xml" />
	
	<!-- User module -->
	<import resource="/user/dao-config.xml" />
	<import resource="/user/service-config.xml" />
	
<!-- Sync Audit module -->
	<import resource="/syncaudit/dao-config.xml" />
	<import resource="/syncaudit/service-config.xml" />
	
	<!-- App Config module -->
	<import resource="/appconfig/dao-config.xml" />
	<import resource="/appconfig/service-config.xml" />
	
	<!-- Data-Exchange Module Bean Defs -->
	<!-- <import resource="/dataexchange/dao-config.xml" />
	<import resource="/dataexchange/service-config.xml" />
	<import resource="/dataexchange/schedular-config.xml" />
	 -->
	

	<!-- <tx:advice id="daoTxAdvice" transaction-manager="transactionManager">
		<tx:attributes>
			<tx:method name="*" />
		</tx:attributes>
	</tx:advice>

	<aop:config>
		<aop:pointcut id="daoPointcut" expression="execution(* *dao.*(..))" />
		<aop:advisor advice-ref="daoTxAdvice" pointcut-ref="daoPointcut" />
	</aop:config>
	 -->
</beans>

