<?xml version="1.0" encoding="UTF-8"?>
<beans xmlns="http://www.springframework.org/schema/beans"
	xmlns:xsi="http://www.w3.org/2001/XMLSchema-instance" xmlns:p="http://www.springframework.org/schema/p"
	xmlns:context="http://www.springframework.org/schema/context"
	xmlns:jee="http://www.springframework.org/schema/jee" xmlns:tx="http://www.springframework.org/schema/tx"
	xsi:schemaLocation="
			http://www.springframework.org/schema/beans http://www.springframework.org/schema/beans/spring-beans-2.5.xsd
			http://www.springframework.org/schema/context http://www.springframework.org/schema/context/spring-context-2.5.xsd
			http://www.springframework.org/schema/jee http://www.springframework.org/schema/jee/spring-jee-2.5.xsd
			http://www.springframework.org/schema/tx http://www.springframework.org/schema/tx/spring-tx-2.5.xsd">

	<!-- Spring Service Beans -->
	<bean id="conceptService"
		class="com.mobicule.icatalog.concept.service.ConceptServiceImpl">
		<property name="genericDataBeanDAO" ref="conceptDao" />
		<property name="hotspotDao" ref="hotspotDao" />
		<property name="conceptDao" ref="conceptDao" />
		<property name="conceptCategoryDao" ref="conceptCategoryDao" />
	</bean>
	
	<bean id="conceptCategoryService"
		class="com.mobicule.icatalog.concept.service.ConceptCategoryServiceImpl">
		<property name="genericDataBeanDAO" ref="conceptCategoryDao" />
	</bean>
	
	<bean id="productService"
		class="com.mobicule.icatalog.product.service.ProductServiceImpl">
		<property name="genericDataBeanDAO" ref="productDao" />
	</bean>

	

</beans>
