<?xml version="1.0" encoding="UTF-8"?>
<beans xmlns="http://www.springframework.org/schema/beans"
	xmlns:xsi="http://www.w3.org/2001/XMLSchema-instance" xmlns:int="http://www.springframework.org/schema/integration"
	xmlns:int-file="http://www.springframework.org/schema/integration/file"
	xmlns:int-http="http://www.springframework.org/schema/integration/http"
	xmlns:int-stream="http://www.springframework.org/schema/integration/stream"
	xmlns:util="http://www.springframework.org/schema/util"
	xsi:schemaLocation="http://www.springframework.org/schema/beans http://www.springframework.org/schema/beans/spring-beans.xsd
	http://www.springframework.org/schema/integration http://www.springframework.org/schema/integration/spring-integration.xsd
	http://www.springframework.org/schema/integration/file http://www.springframework.org/schema/integration/file/spring-integration-file.xsd
	http://www.springframework.org/schema/integration/http http://www.springframework.org/schema/integration/http/spring-integration-http.xsd
	http://www.springframework.org/schema/integration/stream
    http://www.springframework.org/schema/integration/stream/spring-integration-stream.xsd
    http://www.springframework.org/schema/util 
    http://www.springframework.org/schema/util/spring-util.xsd">

	<!-- Application Configuration -->

	<util:map id="FlashDeals">
		<entry key="date" value="19-10-2016" />
		<entry key="author" value="Raman" />
		<entry key="version" value="0.2.0" />
	</util:map>

	
	<util:map id="notificationUATConfig" map-class="java.util.HashMap">
		<entry key="serverkey" value="AAAAbkdbV8A:APA91bET2vx61ECwwWoE78F0zXV9xS3WVmB8d7KIvJCiAOebkfffGK4TwFIYpEkIP1q_Y8HVpxolgoeUBu5jC9I1z2UMCLxj4wnCC8lly_LT7F4Gjeqc-dTMm4s3tT3Ug7uvRE9OcB9dRWeHYJzBf8Nxw1NCjo0qTg"/>
		<entry key="fcmurl" value="https://fcm.googleapis.com/fcm/send"/>
	</util:map>
	
	<util:map id="merchantImageConfig" map-class="java.util.HashMap">
		<entry key="IMG_DIM_BUSINESS">
			<list>
				<value>230x160</value>
				<value>1024x768</value>
			</list>
		</entry>
				
		<entry key="MERCHANT_IMAGE_BASE_PATH">
			<list>
				<value>/home/raman/Projects/flash.deals/test/dest/</value>
				<!-- <value>D:/raman/flash.deals/test/dest/</value> -->
				<value>http://localhost:8090/Flash.deals/FlashImageServlet?</value>
				<value>image</value>
				<value>business</value>
				
			</list>
		</entry>
		<entry key="MERCHANT_DEAL_BASE_PATH">
			<list>
				<value>/home/raman/Projects/flash.deals/test/deal/</value>
				<!-- <value>D:/raman/flash.deals/test/deal/</value> -->
				<value>http://localhost:8090/Flash.deals/FlashImageServlet?</value>
				<value>image</value>
				<value>deal</value>
			</list>
		</entry>
		<entry key="MERCHANT_STORE_IMG_BASE_PATH">
			<list>
				<!-- <value>D:/raman/flash.deals/test/store/</value> -->
				<value>/home/raman/Projects/flash.deals/test/store/</value>
				<value>http://localhost:8090/Flash.deals/FlashImageServlet?</value>
				<value>store</value>
				<value>image</value>
			</list>
		</entry>
		<entry key="MERCHANT_DP_IMG_BASE_PATH">
			<list>
				<!-- <value>D:/raman/flash.deals/test/store/</value> -->
				<value>/home/raman/Projects/flash.deals/test/deal/dp/</value>
				<value>http://localhost:8090/Flash.deals/FlashImageServlet?</value>
				<value>dp</value>
				<value>image</value>
			</list>
		</entry>
		<entry key="MERCHANT_DEAL_IMG_BASE_PATH">
			<list>
				<value>/home/raman/Projects/flash.deals/test/dist/</value>
				<!-- <value>D:/raman/flash.deals/test/dist/</value> -->
				<value>http://localhost:8090/Flash.deals/FlashImageServlet?</value>
				<value>deal</value>
				<value>image</value>
			</list>
		</entry>
		<entry key="DEFAULT_BUSINESS_IMAGE_CONFIG">
			<list>
				<!-- <value>D:/raman/flash.deals/test/dest/</value> -->
				<value>/home/raman/Projects/flash.deals/test/dest/</value>
				<value>default</value>
			</list>
		</entry>
		<entry key="DEFAULT_BUSINESS_IMAGE_CONFIG">
			<list>
				<value>/home/raman/Projects/flash.deals/test/dest/</value>
				<!-- <value>D:/raman/flash.deals/test/dest/dest/</value> -->
				<value>default</value>
			</list>
		</entry>		
		</util:map>
		
		<!-- For Flash Logo -->
		
		<util:map id="flashImageConfig" map-class="java.util.HashMap">
		
		<entry key="IMG_PATH_DIR">
			<list>
				<value>/home/raman/Projects/flash.deals/test/store/</value>
				<value>/home/raman/Projects/flash.deals/test/deal/dp/</value>
				<value>/home/raman/Projects/flash.deals/test/deal/dist/</value>
				
				
				<!-- <value>D:/raman/flash.deals/test/dest/store/</value>
				<value>D:/raman/flash.deals/test/dest/deal/dp/</value>
				<value>D:/raman/flash.deals/test/dest/deal/dist/</value> -->
			</list>
		</entry>
		
		<entry key="SLIDER_IMG_BASE_PATH">
			<list>
				<value>/home/raman/Projects/flash.deals/test/slider/</value>
			</list>
		</entry>
		<entry key="CATEGORY_IMG_BASE_PATH">
			<list>
				<value>/home/raman/Projects/flash.deals/test/category/</value>
			</list>
		</entry>
		
		<entry key="FLASH_IMAGE_BASE_PATH">
			<list>
				<value>D:/raman/flash.deals/test/dest/dest/</value>
				<value>http://localhost:8090/Flash.deals/FlashImageServlet?</value>
				<value>geeni</value>
				<value>product</value>
			</list>
		</entry>
		<entry key="FLASH_STORE_BASE_PATH">
			<list>
				<value>/home/raman/Projects/flash.deals/test/store/</value>
				<value>http://localhost:8090/Flash.deals/FlashImageServlet?</value>
				<value>store</value>
			</list>
		</entry>

		<entry key="IMAGE_DIRECTORY_NAMES">
			<list>
				<value>geeni</value>
			</list>
		</entry>
	</util:map>

</beans>