<?xml version="1.0" encoding="UTF-8"?>
<beans xmlns="http://www.springframework.org/schema/beans"
	xmlns:xsi="http://www.w3.org/2001/XMLSchema-instance" xmlns:int="http://www.springframework.org/schema/integration"
	xmlns:int-file="http://www.springframework.org/schema/integration/file"
	xmlns:int-http="http://www.springframework.org/schema/integration/http"
	xmlns:int-stream="http://www.springframework.org/schema/integration/stream"
	xmlns:util="http://www.springframework.org/schema/util"
	xsi:schemaLocation="http://www.springframework.org/schema/beans http://www.springframework.org/schema/beans/spring-beans.xsd
	http://www.springframework.org/schema/integration http://www.springframework.org/schema/integration/spring-integration.xsd
	http://www.springframework.org/schema/integration/file http://www.springframework.org/schema/integration/file/spring-integration-file.xsd
	http://www.springframework.org/schema/integration/http http://www.springframework.org/schema/integration/http/spring-integration-http.xsd
	http://www.springframework.org/schema/integration/stream
    http://www.springframework.org/schema/integration/stream/spring-integration-stream.xsd
    http://www.springframework.org/schema/util 
    http://www.springframework.org/schema/util/spring-util.xsd">


	<bean id="appValidationDao" class="com.geeni.award.validation.dao.AppValidationDao" />
	<!-- <property name="dataSource" ref="dataSource" /> -->

	<bean id="awardProcessDao" class="com.geeni.award.process.dao.AwardProcessDao" />
	<!-- <property name="dataSource" ref="dataSource" /> -->

	<bean id="userDataSubmitDao" class="com.geeni.award.user.dao.UserDataSubmitDao" />
	<!-- <property name="dataSource" ref="dataSource" /> -->

	<bean id="notificationDao" class="com.geeni.award.notification.dao.NotificationDao" />
	<!-- <property name="dataSource" ref="dataSource" /> -->
</beans>