<?xml version="1.0" encoding="UTF-8"?>
<beans xmlns="http://www.springframework.org/schema/beans"
	xmlns:xsi="http://www.w3.org/2001/XMLSchema-instance"
	xsi:schemaLocation="http://www.springframework.org/schema/beans
http://www.springframework.org/schema/beans/spring-beans-2.5.xsd">


	<bean id="mailSender" class="org.springframework.mail.javamail.JavaMailSenderImpl">
		<property name="port" value="465" />
		<property name="host" value="smtp.gmail.com" />
		<property name="username" value="info.paalan@gmail.com" />
		<property name="password" value="Ananshi@2016" />

		<property name="javaMailProperties">
			<props>
				<prop key="mail.debug">true</prop>
				<prop key="mail.smtp.auth">true</prop>
				<prop key="mail.smtp.socketFactory.class">javax.net.ssl.SSLSocketFactory</prop>
			</props>
		</property>
	</bean>

	

	<bean id="simpleMailMessage" class="org.springframework.mail.SimpleMailMessage">

		<property name="from" value="info.paalan@gmail.com"/>
		<property name="subject" value="" />
		<property name="text">
			<value>

		<![CDATA[
Dear %s,
<br/>
<br/>
Your one time password for your paalan password chnage is %s  .
<br/>
<br/>
<br/>	
Do not share your with anyone,Have a good day.
<br/>			
<br/>
<br/>
<br/>					
Thanks & Regards<br/>
Paalan Team .
<br/>
<b>
It's not how much we give but how much love we put into giving.
<br/>
<i>Mother Teresa</i></b>
<br/>
<br/>

(This is an auto generated email please do not reply to this id.) 	
			
		]]>
			</value>
		</property>
	</bean>
	
	<bean id="sendMailService" class="com.mobiowin.cmss.paalan.notification.SendMailService">
		<property name="mailSender" ref="mailSender" />
		<property name="simpleMailMessage" ref="simpleMailMessage" />
	</bean>
</beans>
