<?xml version="1.0" encoding="UTF-8"?>
<beans xmlns="http://www.springframework.org/schema/beans"
	xmlns:xsi="http://www.w3.org/2001/XMLSchema-instance" xmlns:p="http://www.springframework.org/schema/p"
	xmlns:context="http://www.springframework.org/schema/context"
	xmlns:jee="http://www.springframework.org/schema/jee" xmlns:tx="http://www.springframework.org/schema/tx"
	xsi:schemaLocation="
			http://www.springframework.org/schema/beans http://www.springframework.org/schema/beans/spring-beans-2.5.xsd
			http://www.springframework.org/schema/context http://www.springframework.org/schema/context/spring-context-2.5.xsd
			http://www.springframework.org/schema/jee http://www.springframework.org/schema/jee/spring-jee-2.5.xsd
			http://www.springframework.org/schema/tx http://www.springframework.org/schema/tx/spring-tx-2.5.xsd">

	<!-- Spring Dao Beans -->
	<bean id="conceptDao" class="com.mobicule.icatalog.concept.dao.ConceptHibernateDao">
		<property name="sessionFactory">
			<ref bean="sessionFactory" />
		</property>
		<property name="imageConfig" ref="imageConfig"></property>
	</bean>

	<bean id="conceptCategoryDao"
		class="com.mobicule.icatalog.concept.dao.ConceptCategoryHibernateDao">
		<property name="sessionFactory">
			<ref bean="sessionFactory" />
		</property>

	</bean>

	<bean id="hotspotDao"
		class="com.mobicule.icatalog.concept.dao.ConceptHotspotHibernateDao">
		<property name="sessionFactory">
			<ref bean="sessionFactory" />
		</property>
	</bean>

	<bean id="productDao"
		class="com.mobicule.icatalog.product.dao.ProductHibernateDao">
		<property name="sessionFactory">
			<ref bean="sessionFactory" />
		</property>
	</bean>

</beans>
