<?xml version="1.0" encoding="UTF-8"?>
<beans xmlns="http://www.springframework.org/schema/beans"
	xmlns:xsi="http://www.w3.org/2001/XMLSchema-instance"
	xsi:schemaLocation="http://www.springframework.org/schema/beans http://www.springframework.org/schema/beans/spring-beans.xsd">

	<bean name="userController"
		class="com.mobicule.icatalog.user.controller.UserController">
		<property name="systemUserService" ref="userService" />
		<property name="roleService" ref="roleService" />
		<property name="profileService" ref="profileService" />
		<property name="activityService" ref="activityService" />
		<property name="territoryService" ref="territoryService" />
		<property name="userTerritoryMappingService" ref="userTerritoryMappingService" />
		<property name="appConfigService" ref="appConfigService" />
		<property name="methodNameResolver" ref="paramResolver"/>
	</bean>
	<bean name="userAuthenticationController"
		class="com.mobicule.icatalog.login.authentication.UserAuthenticationController">
		<property name="systemUserService" ref="userService" />
		<property name="profileService" ref="profileService" />
		<property name="activityService" ref="activityService" />
		<property name="profileActivityService" ref="profileActivityService" />
		<property name="methodNameResolver" ref="paramResolver"/>
	</bean>
	
</beans>