<?xml version="1.0" encoding="UTF-8"?>
<beans xmlns="http://www.springframework.org/schema/beans"
	xmlns:xsi="http://www.w3.org/2001/XMLSchema-instance" xmlns:int="http://www.springframework.org/schema/integration"
	xmlns:int-file="http://www.springframework.org/schema/integration/file"
	xmlns:int-http="http://www.springframework.org/schema/integration/http"
	xmlns:int-stream="http://www.springframework.org/schema/integration/stream"
	xmlns:util="http://www.springframework.org/schema/util"
	xsi:schemaLocation="http://www.springframework.org/schema/beans http://www.springframework.org/schema/beans/spring-beans.xsd
	http://www.springframework.org/schema/integration http://www.springframework.org/schema/integration/spring-integration.xsd
	http://www.springframework.org/schema/integration/file http://www.springframework.org/schema/integration/file/spring-integration-file.xsd
	http://www.springframework.org/schema/integration/http http://www.springframework.org/schema/integration/http/spring-integration-http.xsd
	http://www.springframework.org/schema/integration/stream
    http://www.springframework.org/schema/integration/stream/spring-integration-stream.xsd
    http://www.springframework.org/schema/util 
    http://www.springframework.org/schema/util/spring-util.xsd">

	<!-- Application Configuration -->

	<util:map id="Paalan">
		<entry key="date" value="27-03-2017" />
		<entry key="author" value="Raman" />
		<entry key="version" value="0.2.0" />
	</util:map>

	
	<util:map id="notificationConfig" map-class="java.util.HashMap">
		<entry key="serverkey" value="AIzaSyAlfD0UW5U4d-FsXt66rXbs4A0lFL4Q5p8"/>
		<entry key="fcmurl" value="https://fcm.googleapis.com/fcm/send"/>
	</util:map>
	
	
	<util:map id="eventconfig" map-class="java.util.HashMap">
		<entry key="event" value="Paalan introduces a %1$s event in near you, This event is orgnazied by %2$s. Event lolcation is %3$s. Kindly show your intrest. Thanks."/>
		<entry key="topicaname" value="/topics/event"/>
		<entry key="title" value="Paalan Event Alert"/>
		<entry key="peermessage" value="Dear %1$s, Your event titled %2$s published. Thanks for choosing Paalan."/>
		<entry key="broadcastmessage" value="Paalan introduces a %1$s event in near you, This event is orgnazied by %2$s. Event lolcation is %3$s. Kindly show your intrest. Thanks."/>
	</util:map>
	
	
	<util:map id="achievementconfig" map-class="java.util.HashMap">
		<entry key="achievement" value="Dear All, Paalan congratulate %1$s on their achievement %2$s.Click to view achievent story."/>
		<entry key="topicaname" value="/topics/achievement"/>
		<entry key="peermessage" value="Dear %1$s, Your achievement titled %2$s published. Thanks for choosing Paalan."/>
		<entry key="broadcastmessage" value="Dear All, Paalan congratulate %1$s on their achievement %2$s.Click to view achievent story."/>
	</util:map>
	
	
	<util:map id="requestconfig" map-class="java.util.HashMap">
		<entry key="request" value="Dear All,  %1$s requested for %2$s. kinldy help them out. Thanks."/>
		<entry key="topicaname" value="/topics/socialrequest"/>
		<entry key="peermessage" value="Dear %1$s, Your request titled %2$s published. Thanks for choosing Paalan."/>
		<entry key="broadcastmessage" value="Dear All,  %1$s requested for %2$s. kinldy help them out. Thanks."/>
	</util:map>
	
	<util:map id="notificationMessageConfig" map-class="java.util.HashMap">
		<entry key="orgregistration" value="Dear %1$s , welcome to Paalan Family. Your registration id is %1$s. Kindly visit our site http://paalan.com ."/>
		<entry key="orgeventnew" value=""/>
		<entry key="orgeventupdate" value=""/>
		<entry key="orgachievementnew" value=""/>
		<entry key="orgachievementupdate" value=""/>
		<entry key="orgsocialreqnew" value=""/>
		<entry key="orgsocialrequpdate" value=""/>
		<entry key="indregistration" value=""/>
		<entry key="donaterequest" value=""/>
		<entry key="daterequest" value=""/>
	</util:map>
	
	<util:map id="imageconfig" map-class="java.util.HashMap">
		<entry key="ORG_DP_BASE_PATH">
			<list>
				<value>/home/paalan/images/org/dp/</value>
				<value>http://207.154.237.249:8080/paalan/ImageHandlerServlet?</value>
				<value>image</value>
				<value>org</value>
				
			</list>
		</entry>
		<entry key="IND_DP_BASE_PATH">
			<list>
				<!-- <value>D:/raman/flash.deals/test/store/</value> -->
				<value>/home/paalan/images/ind/dp/</value>
				<value>http://207.154.237.249:8080/paalan/ImageHandlerServlet?</value>
				<value>image</value>
				<value>ind</value>
			</list>
		</entry>
		<entry key="IND_DONATE_BASE_PATH">
			<list>
				<!-- <value>D:/raman/flash.deals/test/store/</value> -->
				<value>/home/paalan/images/donate/</value>
				<value>http://207.154.237.249:8080/paalan/ImageHandlerServlet?</value>
				<value>image</value>
				<value>donate</value>
			</list>
		</entry>
		<entry key="IMG_PATH_DIR">
			<list>
				<value>/home/paalan/images/org/achievement/</value>
			</list>
		</entry>
		<entry key="ORG_ACHIEVEMENT_IMG_BASE_PATH">
			<list>
				<value>/home/paalan/images/org/achievement/</value>
				<value>http://207.154.237.249:8080/paalan/ImageHandlerServlet?</value>
				<value>image</value>
				<value>achievement</value>
			</list>
		</entry>
		<entry key="EVENT_CATEGORY_IMG_BASE_PATH">
			<list>
				<value>/home/paalan/images/org/event/</value>
				<value>http://207.154.237.249:8080/paalan/ImageHandlerServlet?</value>
				<value>image</value>
				<value>event</value>
			</list>
		</entry>
		<entry key="SLIDER_IMG_BASE_PATH">
			<list>
				<value>/home/paalan/images/slider/</value>
				<value>http://207.154.237.249:8080/paalan/ImageHandlerServlet?</value>
				<value>image</value>
				<value>slider</value>
			</list>
		</entry>
		<entry key="DEFAULT_BUSINESS_IMAGE_CONFIG">
			<list>
				<!-- <value>D:/raman/flash.deals/test/dest/</value> -->
				<value>/home/raman/Projects/flash.deals/test/dest/</value>
				<value>default</value>
			</list>
		</entry>
		<entry key="DEFAULT_BUSINESS_IMAGE_CONFIG">
			<list>
				<value>/home/raman/Projects/flash.deals/test/dest/</value>
				<!-- <value>D:/raman/flash.deals/test/dest/dest/</value> -->
				<value>default</value>
			</list>
		</entry>		
		</util:map>
		
		<!-- For Flash Logo -->
		
		<util:map id="flashImageConfig" map-class="java.util.HashMap">
		
		
		<entry key="SLIDER_IMG_BASE_PATH">
			<list>
				<value>/home/raman/Projects/flash.deals/test/slider/</value>
			</list>
		</entry>
		<entry key="CATEGORY_IMG_BASE_PATH">
			<list>
				<value>/home/raman/Projects/flash.deals/test/category/</value>
			</list>
		</entry>
		
		<entry key="FLASH_IMAGE_BASE_PATH">
			<list>
				<value>D:/raman/flash.deals/test/dest/dest/</value>
				<value>http://207.154.237.249:8080/paalan/ImageHandlerServlet?</value>
				<value>geeni</value>
				<value>product</value>
			</list>
		</entry>
		<entry key="FLASH_STORE_BASE_PATH">
			<list>
				<value>/home/raman/Projects/flash.deals/test/store/</value>
				<value>http://207.154.237.249:8080/paalan/ImageHandlerServlet?</value>
				<value>store</value>
			</list>
		</entry>

		<entry key="IMAGE_DIRECTORY_NAMES">
			<list>
				<value>geeni</value>
			</list>
		</entry>
	</util:map>

</beans>