<?xml version="1.0" encoding="UTF-8"?>
<beans xmlns="http://www.springframework.org/schema/beans"
	xmlns:xsi="http://www.w3.org/2001/XMLSchema-instance" xmlns:p="http://www.springframework.org/schema/p"
	xmlns:context="http://www.springframework.org/schema/context"
	xmlns:jee="http://www.springframework.org/schema/jee" xmlns:tx="http://www.springframework.org/schema/tx"
	xsi:schemaLocation="
			http://www.springframework.org/schema/beans http://www.springframework.org/schema/beans/spring-beans-3.0.xsd
			http://www.springframework.org/schema/context http://www.springframework.org/schema/context/spring-context-3.0.xsd
			http://www.springframework.org/schema/jee http://www.springframework.org/schema/jee/spring-jee-3.0.xsd
			http://www.springframework.org/schema/tx http://www.springframework.org/schema/tx/spring-tx-3.0.xsd">


	<!-- <bean
		class="org.springframework.beans.factory.config.PropertyPlaceholderConfigurer">
		<property name="location">
			<value>/database.properties</value>
		</property>
	</bean> -->

	<bean id="dataSource"
		class="org.springframework.jdbc.datasource.DriverManagerDataSource">
		<property name="driverClassName" value="com.mysql.jdbc.Driver" />
		<property name="url" value="jdbc:mysql://localhost:3306/paalan" />
		<property name="username" value="root" />
		<!-- <property name="password" value="root" /> -->
		<property name="password" value="raman" />

	</bean>

	<tx:annotation-driven transaction-manager="transactionManager" />

	<!-- SessionFactory -->
	<bean id="sessionFactory"
		class="org.springframework.orm.hibernate4.LocalSessionFactoryBean">
		<property name="dataSource">
			<ref local="dataSource" />
		</property>

		<property name="hibernateProperties">
			<props>
				<prop key="hibernate.dialect">org.hibernate.dialect.MySQLDialect</prop>
				<prop key="hibernate.show_sql">true</prop>
				<!-- Cache Configuration -->
				<!-- <prop key="hibernate.cache.use_second_level_cache">true</prop> <prop 
					key="hibernate.cache.use_query_cache">true</prop> -->
				<!-- <prop key="hibernate.cache.region.factory_class">org.hibernate.cache.ehcache.EhCacheRegionFactory</prop> -->
				<prop key="hibernate.generate_statistics">true</prop>
				<!-- <prop key="hibernate.hbm2ddl.auto">create</prop> -->

			</props>
		</property>

		<property name="annotatedClasses">
			<list>
				<value>com.mobiowin.cmss.paalan.bean.OrgRegistrationBean</value>
				<value>com.mobiowin.cmss.paalan.bean.DeviceDetailBean</value>
				<value>com.mobiowin.cmss.paalan.bean.OrgProfileBean</value>
				<value>com.mobiowin.cmss.paalan.bean.OrgEventBean</value>
				<value>com.mobiowin.cmss.paalan.bean.OrgAchievementBean</value>
				<value>com.mobiowin.cmss.paalan.bean.OrgRequestBean</value>
				<value>com.mobiowin.cmss.paalan.bean.IndRegistrationBean</value>
				<value>com.mobiowin.cmss.paalan.bean.SliderMasterBean</value>
				<value>com.mobiowin.cmss.paalan.bean.ScreenMasterBean</value>
				<value>com.mobiowin.cmss.paalan.bean.BroadcastMasterBean</value>
				<value>com.mobiowin.cmss.paalan.bean.ConnectBean</value>
				<value>com.mobiowin.cmss.paalan.bean.DonateBean</value>
			</list>
		</property>


	</bean>

	<bean id="jdbcTemplate" class="org.springframework.jdbc.core.JdbcTemplate">
		<property name="dataSource" ref="dataSource"></property>
	</bean>

	<bean id="transactionManager"
		class="org.springframework.orm.hibernate4.HibernateTransactionManager">
		<property name="sessionFactory" ref="sessionFactory" />
	</bean>
</beans>