<?xml version="1.0" encoding="UTF-8"?>
<beans xmlns="http://www.springframework.org/schema/beans"
	xmlns:xsi="http://www.w3.org/2001/XMLSchema-instance" xmlns:int="http://www.springframework.org/schema/integration"
	xmlns:int-file="http://www.springframework.org/schema/integration/file"
	xmlns:int-http="http://www.springframework.org/schema/integration/http"
	xmlns:int-stream="http://www.springframework.org/schema/integration/stream"
	xmlns:ws="http://www.springframework.org/schema/integration/ws"
	xmlns:util="http://www.springframework.org/schema/util"
	xsi:schemaLocation="http://www.springframework.org/schema/beans
	 http://www.springframework.org/schema/beans/spring-beans.xsd
		http://www.springframework.org/schema/integration http://www.springframework.org/schema/integration/spring-integration.xsd
		http://www.springframework.org/schema/integration/file http://www.springframework.org/schema/integration/file/spring-integration-file.xsd
		http://www.springframework.org/schema/integration/http http://www.springframework.org/schema/integration/http/spring-integration-http.xsd
		http://www.springframework.org/schema/integration/stream
      	http://www.springframework.org/schema/integration/stream/spring-integration-stream.xsd
      	http://www.springframework.org/schema/integration/ws
      	http://www.springframework.org/schema/integration/ws/spring-integration-ws.xsd
      	http://www.springframework.org/schema/util 
      	http://www.springframework.org/schema/util/spring-util.xsd">


	<int:channel id="deviceRequestChannel" />
	<int:channel id="deviceResponseChannel" />
	<int:channel id="requestRouterChannel" />

	<int:service-activator input-channel="deviceRequestChannel"
		ref="messageReceiver" output-channel="requestRouterChannel" />

	<!-- ######################A################################ -->

	<int:header-value-router input-channel="requestRouterChannel"
		header-name="entity" id="reqTypeRouterId">
		<int:mapping value="org" channel="orgChannel" />
		<int:mapping value="individual" channel="individualChannel" />
		<int:mapping value="app" channel="appChannel" />
	</int:header-value-router>


	<int:header-value-router input-channel="appChannel"
		header-name="type">
		<int:mapping value="version" channel="appActionChannel" />
		<int:mapping value="init" channel="appActionChannel" />
		<int:mapping value="notification" channel="appActionChannel" />
	</int:header-value-router>
	


	<int:header-value-router input-channel="orgChannel"
		header-name="type">
		<int:mapping value="registration" channel="orgActionChannel" />
		<int:mapping value="login" channel="orgActionChannel" />
		<int:mapping value="profile" channel="orgActionChannel" />
		<int:mapping value="event" channel="orgActionChannel" />
		<int:mapping value="achievement" channel="orgActionChannel" />
		<int:mapping value="request" channel="orgActionChannel" />
		<int:mapping value="record" channel="orgActionChannel" />
	</int:header-value-router>
	
	<int:header-value-router input-channel="appActionChannel"
		header-name="type_action">
		<int:mapping value="init_sync" channel="appInitChannel" />
		<int:mapping value="notification_sync" channel="notificationSyncChannel" />
		</int:header-value-router>

	<int:header-value-router input-channel="orgActionChannel"
		header-name="type_action">
		<!-- Registration Module -->
		<int:mapping value="registration_submit" channel="orgRegistrationChannel" />
		<!-- Login Module -->
		<int:mapping value="login_submit" channel="orgLoginChannel" />
		<int:mapping value="login_forgot" channel="orgForgotPasswordChannel" />
		<int:mapping value="login_update" channel="orgUpdatePasswordChannel" />
		<!-- Profile Module -->
		<int:mapping value="profile_update" channel="orgProfileChannel" />
		<!-- Event Module -->
		<int:mapping value="event_create" channel="orgEventCreateChannel" />
		<int:mapping value="event_sync" channel="orgEventSyncChannel" />
		<int:mapping value="event_delete" channel="orgEventDeleteChannel" />
		<int:mapping value="event_update" channel="orgEventUpdateChannel" />
		<!-- Achievements Module -->
		<int:mapping value="achievement_create" channel="orgAchievementCreateChannel" />
		<int:mapping value="achievement_sync" channel="orgAchievementSyncChannel" />
		<int:mapping value="achievement_delete" channel="orgAchievementDeleteChannel" />
		<int:mapping value="achievement_update" channel="orgAchievementUpdateChannel" />
		<!-- Social request Module -->
		<int:mapping value="request_create" channel="orgRequestCreateChannel" />
		<int:mapping value="request_sync" channel="orgRequestSyncChannel" />
		<int:mapping value="request_delete" channel="orgRequestDeleteChannel" />
		<int:mapping value="request_update" channel="orgRequestUpdateChannel" />
		
		<int:mapping value="record_sync" channel="orgRecordSyncChannel" />
	</int:header-value-router>



	<int:header-value-router input-channel="individualChannel"
		header-name="type">
		<int:mapping value="registration" channel="indActionChannel" />
		<int:mapping value="login" channel="indActionChannel" />
		<int:mapping value="profile" channel="indActionChannel" />
		<int:mapping value="connect" channel="indActionChannel" />
		<int:mapping value="donate" channel="indActionChannel" />
	</int:header-value-router>

	<int:header-value-router input-channel="indActionChannel"
		header-name="type_action">
		<!-- Registration Module -->
		<int:mapping value="registration_submit" channel="indRegChannel" />
		<!-- Login Module -->
		<int:mapping value="login_submit" channel="indLoginChannel" />
		<!-- Profile Module -->
		<int:mapping value="profile_view" channel="orgProfileViewChannel" />
		<!-- Connect Module -->
		<int:mapping value="connect_submit" channel="paalanConnectChannel" />
		<!-- Donate Module -->
		<int:mapping value="donate_submit" channel="donateChannel" />
	</int:header-value-router>

	<!-- ###################### App Services ############################ -->

	<int:service-activator ref="versionControlService"
		method="execute" input-channel="veriosnCheckChannel" output-channel="deviceResponseChannel" />

	<int:service-activator ref="appInitInitService"
		method="execute" input-channel="appInitChannel" output-channel="deviceResponseChannel" />

	<int:service-activator ref="notiicationIdSyncService"
		method="execute" input-channel="notificationSyncChannel"
		output-channel="deviceResponseChannel" />

	<!-- ###################### Orgna Services ############################ -->

	<int:service-activator ref="orgRegistrationService"
		method="execute" input-channel="orgRegistrationChannel"
		output-channel="deviceResponseChannel" />

	<int:service-activator ref="orgLoginService"
		method="execute" input-channel="orgLoginChannel" output-channel="deviceResponseChannel" />
		
	<int:service-activator ref="forgotPasswordService"
		method="execute" input-channel="orgForgotPasswordChannel" output-channel="deviceResponseChannel" />
		
	<int:service-activator ref="updatePasswordService"
		method="execute" input-channel="orgUpdatePasswordChannel" output-channel="deviceResponseChannel" />

	<int:service-activator ref="orgProfileService"
		method="execute" input-channel="orgProfileChannel" output-channel="deviceResponseChannel" />

	<int:service-activator ref="orgEventCreateService"
		method="execute" input-channel="orgEventCreateChannel" output-channel="deviceResponseChannel" />

	<int:service-activator ref="orgEventUpdateService"
		method="execute" input-channel="orgEventUpdateChannel" output-channel="deviceResponseChannel" />

	<int:service-activator ref="orgEventDeleteService"
		method="execute" input-channel="orgEventDeleteChannel" output-channel="deviceResponseChannel" />

	<int:service-activator ref="orgEventSyncService"
		method="execute" input-channel="orgEventSyncChannel" output-channel="deviceResponseChannel" />

	<int:service-activator ref="orgAchievementCreateService"
		method="execute" input-channel="orgAchievementCreateChannel"
		output-channel="deviceResponseChannel" />

	<int:service-activator ref="orgAchievementUpdateService"
		method="execute" input-channel="orgAchievementUpdateChannel"
		output-channel="deviceResponseChannel" />

	<int:service-activator ref="orgAchievementSyncService"
		method="execute" input-channel="orgAchievementSyncChannel"
		output-channel="deviceResponseChannel" />

	<int:service-activator ref="orgAchievementDeleteService"
		method="execute" input-channel="orgAchievementDeleteChannel"
		output-channel="deviceResponseChannel" />

	<int:service-activator ref="orgRequestCreateService"
		method="execute" input-channel="orgRequestCreateChannel"
		output-channel="deviceResponseChannel" />

	<int:service-activator ref="orgRequestSyncService"
		method="execute" input-channel="orgRequestSyncChannel" output-channel="deviceResponseChannel" />

	<int:service-activator ref="orgRequestDeleteService"
		method="execute" input-channel="orgRequestDeleteChannel"
		output-channel="deviceResponseChannel" />

	<int:service-activator ref="orgRequestUpdateService"
		method="execute" input-channel="orgRequestUpdateChannel"
		output-channel="deviceResponseChannel" />
		
	<int:service-activator ref="orgRecordSyncService"
		method="execute" input-channel="orgRecordSyncChannel"
		output-channel="deviceResponseChannel" />

	<!-- ###################### Individual Services ############################ -->

	<int:service-activator ref="indRegistrationService"
		method="execute" input-channel="indRegChannel" output-channel="deviceResponseChannel" />

	<int:service-activator ref="indLoginService"
		method="execute" input-channel="indLoginChannel" output-channel="deviceResponseChannel" />

	<int:service-activator ref="indProfileService"
		method="execute" input-channel="indProfileChannel" output-channel="deviceResponseChannel" />
		
	<int:service-activator ref="orgProfileViewService"
		method="execute" input-channel="orgProfileViewChannel" output-channel="deviceResponseChannel" />
		
	<int:service-activator ref="paalanConnectService"
		method="execute" input-channel="paalanConnectChannel" output-channel="deviceResponseChannel" />
		
	<int:service-activator ref="donateService"
		method="execute" input-channel="donateChannel" output-channel="deviceResponseChannel" />


	<!-- ###################### Common Response Handler ########################## -->

	<int:outbound-channel-adapter ref="responseHandler"
		channel="deviceResponseChannel" />

</beans>