<?xml version="1.0" encoding="UTF-8"?>
<beans xmlns="http://www.springframework.org/schema/beans"
	xmlns:xsi="http://www.w3.org/2001/XMLSchema-instance" xmlns:int="http://www.springframework.org/schema/integration"
	xmlns:int-file="http://www.springframework.org/schema/integration/file"
	xmlns:int-http="http://www.springframework.org/schema/integration/http"
	xmlns:int-stream="http://www.springframework.org/schema/integration/stream"
	xmlns:ws="http://www.springframework.org/schema/integration/ws"
	xmlns:util="http://www.springframework.org/schema/util"
	xsi:schemaLocation="http://www.springframework.org/schema/beans
	 http://www.springframework.org/schema/beans/spring-beans.xsd
		http://www.springframework.org/schema/integration http://www.springframework.org/schema/integration/spring-integration.xsd
		http://www.springframework.org/schema/integration/file http://www.springframework.org/schema/integration/file/spring-integration-file.xsd
		http://www.springframework.org/schema/integration/http http://www.springframework.org/schema/integration/http/spring-integration-http.xsd
		http://www.springframework.org/schema/integration/stream
      	http://www.springframework.org/schema/integration/stream/spring-integration-stream.xsd
      	http://www.springframework.org/schema/integration/ws
      	http://www.springframework.org/schema/integration/ws/spring-integration-ws.xsd
      	http://www.springframework.org/schema/util 
      	http://www.springframework.org/schema/util/spring-util.xsd">


	<int:channel id="deviceRequestChannel" />
	<int:channel id="deviceResponseChannel" />
	<int:channel id="requestRouterChannel" />

	<int:service-activator input-channel="deviceRequestChannel"
		ref="messageReceiver" output-channel="requestRouterChannel" />

	<!-- ######################A################################ -->

	<int:header-value-router input-channel="requestRouterChannel"
		header-name="entity" id="reqTypeRouterId">
		<int:mapping value="app" channel="appChannel" />
		<int:mapping value="student" channel="studentChannel" />
	</int:header-value-router>


	<int:header-value-router input-channel="appChannel"
		header-name="type">
		<int:mapping value="version" channel="appActionChannel" />
		<int:mapping value="init" channel="appActionChannel" />
		<int:mapping value="event" channel="appActionChannel" />
		<int:mapping value="notification" channel="appActionChannel" />
		<int:mapping value="connect" channel="appActionChannel" />
		<int:mapping value="mktg" channel="appActionChannel" />
	</int:header-value-router>
	
	<int:header-value-router input-channel="studentChannel"
		header-name="type">
		<int:mapping value="login" channel="studentActionChannel" />
		<int:mapping value="notification" channel="studentActionChannel" />
		<int:mapping value="homework" channel="studentActionChannel" />
		<int:mapping value="timetable" channel="studentActionChannel" />
	</int:header-value-router>

	<int:header-value-router input-channel="appActionChannel"
		header-name="type_action">
		<int:mapping value="init_sync" channel="appInitChannel" />
		<int:mapping value="notification_sync" channel="notificationSyncChannel" />
		<int:mapping value="event_sync" channel="eventSyncChannel" />
		<int:mapping value="connect_submit" channel="connectChannel" />
		<int:mapping value="mktg_submit" channel="mktgChannel" />
	</int:header-value-router>
	
	<int:header-value-router input-channel="studentActionChannel"
		header-name="type_action">
		<int:mapping value="login_submit" channel="studentLoginChannel" />
		<int:mapping value="notification_sync" channel="studentNotificationChannel" />
		<int:mapping value="homework_sync" channel="studentHomeworkChannel" />
		<int:mapping value="timetable_sync" channel="studentTTChannel" />
	</int:header-value-router>

	<!-- ###################### App Services ############################ -->

	<int:service-activator ref="versionControlService"
		method="execute" input-channel="veriosnCheckChannel" output-channel="deviceResponseChannel" />

	<int:service-activator ref="appInitInitService"
		method="execute" input-channel="appInitChannel" output-channel="deviceResponseChannel" />

	<int:service-activator ref="notiicationIdSyncService"
		method="execute" input-channel="notificationSyncChannel"
		output-channel="deviceResponseChannel" />

	<int:service-activator ref="connectService"
		method="execute" input-channel="connectChannel" output-channel="deviceResponseChannel" />

	<int:service-activator ref="eventSyncService"
		method="execute" input-channel="eventSyncChannel" output-channel="deviceResponseChannel" />
	
	<int:service-activator ref="mktgSurveyService"
		method="execute" input-channel="mktgChannel" output-channel="deviceResponseChannel" />
		
	
	<!-- ###################### App Services ############################ -->

	<int:service-activator ref="loginService"
		method="execute" input-channel="studentLoginChannel" output-channel="deviceResponseChannel" />
		
	<int:service-activator ref="studentNotificationService"
		method="execute" input-channel="studentNotificationChannel" output-channel="deviceResponseChannel" />
		
	<int:service-activator ref="studentHomeworkSyncService"
		method="execute" input-channel="studentHomeworkChannel" output-channel="deviceResponseChannel" />
	
	<int:service-activator ref="studentTTSyncService"
		method="execute" input-channel="studentTTChannel" output-channel="deviceResponseChannel" />

	

	<!-- ###################### Common Response Handler ########################## -->

	<int:outbound-channel-adapter ref="responseHandler"
		channel="deviceResponseChannel" />

</beans>