<?xml version="1.0" encoding="UTF-8"?>
<beans xmlns="http://www.springframework.org/schema/beans"
	xmlns:xsi="http://www.w3.org/2001/XMLSchema-instance"
	xsi:schemaLocation="http://www.springframework.org/schema/beans http://www.springframework.org/schema/beans/spring-beans.xsd">

	<bean name="userAuthenticationController"
		class="com.mobiowin.admin.controller.admin.UserAuthenticationController">
		<property name="methodNameResolver" ref="paramResolver"/>
	</bean>

	<bean name="userController"
		class="com.mobiowin.admin.controller.user.UserController">
		<property name="methodNameResolver" ref="paramResolver"/>
	</bean>	
	
	<bean name="hwBroadcastController"
		class="com.mobiowin.admin.controller.broadcast.HWBroadcastController">
		<property name="methodNameResolver" ref="paramResolver"/>
	</bean>
	
	<bean name="eventBroadcastController"
		class="com.mobiowin.admin.controller.broadcast.EventBroadcastController">
		<property name="methodNameResolver" ref="paramResolver"/>
	</bean>		
</beans>