<?xml version="1.0" encoding="UTF-8"?>

<beans xmlns="http://www.springframework.org/schema/beans"
	xmlns:xsi="http://www.w3.org/2001/XMLSchema-instance" xmlns:p="http://www.springframework.org/schema/p"
	xmlns:context="http://www.springframework.org/schema/context"
	xmlns:jee="http://www.springframework.org/schema/jee" xmlns:tx="http://www.springframework.org/schema/tx"
	xmlns:aop="http://www.springframework.org/schema/aop"
	xsi:schemaLocation="
			http://www.springframework.org/schema/beans http://www.springframework.org/schema/beans/spring-beans-2.5.xsd
			http://www.springframework.org/schema/context http://www.springframework.org/schema/context/spring-context-2.5.xsd
			http://www.springframework.org/schema/jee http://www.springframework.org/schema/jee/spring-jee-2.5.xsd
			http://www.springframework.org/schema/tx http://www.springframework.org/schema/tx/spring-tx-2.5.xsd">

	<!-- Spring Service Beans -->
	
	<bean id="userService"
		class="com.mobicule.icatalog.systemuser.service.SystemUserServiceImpl">
		<property name="genericDataBeanDAO" ref="userDao" />
		<property name="userTerrDao" ref="userTerritoryMappingDao" />
		<property name="profileDao" ref="profileDao" />
		<property name="profileActivityDao" ref="profileActivityDao" />
	</bean>
	
	<bean id="roleService"
		class="com.mobicule.icatalog.systemuser.service.RoleServiceImpl">
		<property name="genericDataBeanDAO" ref="roleDao" />
	</bean>
	<bean id="profileService"
		class="com.mobicule.icatalog.systemuser.service.ProfileServiceImpl">
		<property name="genericDataBeanDAO" ref="profileDao" />
	</bean>
	<bean id="activityService"
		class="com.mobicule.icatalog.systemuser.service.ActivityServiceImpl">
		<property name="genericDataBeanDAO" ref="activityDao" />
	</bean>
	<bean id="territoryService"
		class="com.mobicule.icatalog.systemuser.service.TerritoryServiceImpl">
		<property name="genericDataBeanDAO" ref="territoryDao" />
	</bean>
	<bean id="userTerritoryMappingService"
		class="com.mobicule.icatalog.systemuser.service.UserTerritoryMappingServiceImpl">
		<property name="genericDataBeanDAO" ref="userTerritoryMappingDao" />
	</bean>

<bean id="profileActivityService"
		class="com.mobicule.icatalog.systemuser.service.ProfileActivityServiceImpl">
		<property name="genericDataBeanDAO" ref="profileActivityDao" />
	</bean>
	

</beans>
