<?xml version="1.0" encoding="UTF-8"?>
<beans xmlns="http://www.springframework.org/schema/beans"
	xmlns:xsi="http://www.w3.org/2001/XMLSchema-instance" xmlns:p="http://www.springframework.org/schema/p"
	xmlns:context="http://www.springframework.org/schema/context"
	xmlns:jee="http://www.springframework.org/schema/jee" xmlns:tx="http://www.springframework.org/schema/tx"
	xsi:schemaLocation="
			http://www.springframework.org/schema/beans http://www.springframework.org/schema/beans/spring-beans.xsd
			http://www.springframework.org/schema/context http://www.springframework.org/schema/context/spring-context.xsd
			http://www.springframework.org/schema/jee http://www.springframework.org/schema/jee/spring-jee.xsd">


	<context:annotation-config />
	<context:component-scan base-package="com.mobiowin.*" />
	<!-- <cache:annotation-driven /> -->


	<import resource="commons/spring-config.xml" />
	<import resource="messaging/spring-config.xml" />
	<import resource="httppool/pool-config.xml" />
	<import resource="email/email-config.xml" />
	<import resource="user/controller-config.xml"/>
	<!-- <import resource="controller/spring-config.xml" /> -->
	<!-- <import resource="cache/ehcache-config.xml" /> -->
	<!-- <import resource="notification/scheduler-config.xml" /> -->



</beans>

