<?xml version="1.0" encoding="UTF-8"?>
<beans xmlns="http://www.springframework.org/schema/beans"
	xmlns:xsi="http://www.w3.org/2001/XMLSchema-instance" xmlns:p="http://www.springframework.org/schema/p"
	xmlns:context="http://www.springframework.org/schema/context"
	xmlns:jee="http://www.springframework.org/schema/jee" xmlns:tx="http://www.springframework.org/schema/tx"
	xsi:schemaLocation="
			http://www.springframework.org/schema/beans http://www.springframework.org/schema/beans/spring-beans.xsd
			http://www.springframework.org/schema/context http://www.springframework.org/schema/context/spring-context.xsd
			http://www.springframework.org/schema/jee http://www.springframework.org/schema/jee/spring-jee.xsd
			http://www.springframework.org/schema/tx http://www.springframework.org/schema/tx/spring-tx.xsd">


	<!-- Import Resource -->

	<!-- <import resource="controller/spring-config.xml" /> -->
	
	<!-- <context:annotation-config />
	<context:component-scan base-package="com.mobiowin.*" /> -->
	<bean class="org.springframework.web.servlet.handler.SimpleUrlHandlerMapping">
		<property name="mappings">
			<props>
				<prop key="/login.htm">userAuthenticationController</prop>
				<prop key="/user.htm">userController</prop>
				<prop key="/hwbroadcast.htm">hwBroadcastController</prop>
				<prop key="/event.htm">eventBroadcastController</prop>
			</props>
		</property>
	</bean>
	
</beans>
