<?xml version="1.0" encoding="UTF-8"?>
<beans xmlns="http://www.springframework.org/schema/beans"
	xmlns:xsi="http://www.w3.org/2001/XMLSchema-instance" xmlns:util="http://www.springframework.org/schema/util"
	xsi:schemaLocation="
http://www.springframework.org/schema/beans http://www.springframework.org/schema/beans/spring-beans-2.0.xsd
http://www.springframework.org/schema/util http://www.springframework.org/schema/util/spring-util-3.0.xsd">


	<util:map id="imageConfig" map-class="java.util.HashMap">
		<entry key="IMG_DIM_CONCEPT_CAT">
			<list>
				<value>296x222</value>
			</list>
		</entry>
		<entry key="IMG_DIM_PRODUCT_CAT">
			<list>
				<value>230x160</value>
			</list>
		</entry>
		<entry key="IMG_DIM_CONCEPT">
			<list>
				<value>1024x768</value>
			</list>
		</entry>
		<entry key="IMG_DIM_PRODUCT">
			<list>
				<value>230x160</value>
				<value>1024x768</value>
			</list>
		</entry>
		<!-- <entry key="IMAGE_BASE_PATH">
			<list>
				<value>/home/shalini/Pictures/images/</value>
			</list>
		</entry> -->
	</util:map>



</beans>
