<?xml version="1.0" encoding="UTF-8"?>
<beans xmlns="http://www.springframework.org/schema/beans"
	xmlns:xsi="http://www.w3.org/2001/XMLSchema-instance" xmlns:p="http://www.springframework.org/schema/p"
	xmlns:context="http://www.springframework.org/schema/context"
	xmlns:jee="http://www.springframework.org/schema/jee" xmlns:tx="http://www.springframework.org/schema/tx"
	xsi:schemaLocation="
			http://www.springframework.org/schema/beans http://www.springframework.org/schema/beans/spring-beans-2.5.xsd
			http://www.springframework.org/schema/context http://www.springframework.org/schema/context/spring-context-2.5.xsd
			http://www.springframework.org/schema/jee http://www.springframework.org/schema/jee/spring-jee-2.5.xsd
			http://www.springframework.org/schema/tx http://www.springframework.org/schema/tx/spring-tx-2.5.xsd">

	<!-- Datasource Config -->
	<bean id="dataSource"
		class="org.springframework.jdbc.datasource.DriverManagerDataSource">
		<property name="driverClassName" value="com.mysql.jdbc.Driver" />
		<property name="url" value="jdbc:mysql://10.0.0.50:3306/icatalog" />
		<property name="username" value="root" />
		<property name="password" value="go4it" />
	</bean>

	<!-- SessionFactory -->

	<bean id="sessionFactory"
		class="org.springframework.orm.hibernate3.LocalSessionFactoryBean">
		<property name="dataSource">
			<ref local="dataSource" />
		</property>
		<property name="mappingResources">
			<list>
				
				<!-- Product Module -->
				<value>com/mobicule/icatalog/product/bean/Product.hbm.xml</value>
				<value>com/mobicule/icatalog/product/bean/ProductCategory.hbm.xml</value>
				<value>com/mobicule/icatalog/product/bean/ProductInventory.hbm.xml</value>
				<value>com/mobicule/icatalog/product/bean/ProductPrice.hbm.xml</value>
				<value>com/mobicule/icatalog/product/bean/ProductVariant.hbm.xml</value>
				<value>com/mobicule/icatalog/product/bean/ProductRecommendation.hbm.xml</value>
				

				<!-- Concept Module -->
				<value>com/mobicule/icatalog/concept/bean/Concept.hbm.xml</value>
				<value>com/mobicule/icatalog/concept/bean/ConceptCategory.hbm.xml</value>
				<value>com/mobicule/icatalog/concept/bean/ConceptHotspotMapping.hbm.xml</value>
				
				<!-- cUSTOMER MODULE -->
				<value>com/mobicule/icatalog/customer/bean/CustomerShortlist.hbm.xml</value>
				<value>com/mobicule/icatalog/customer/bean/Customer.hbm.xml</value>
				
				<!-- User Module beans -->
				<value>com/mobicule/icatalog/systemuser/bean/Activity.hbm.xml</value>
				<value>com/mobicule/icatalog/systemuser/bean/Profile.hbm.xml</value>
				<value>com/mobicule/icatalog/systemuser/bean/Role.hbm.xml</value>
				<value>com/mobicule/icatalog/systemuser/bean/SystemUser.hbm.xml</value>
				<value>com/mobicule/icatalog/systemuser/bean/Territory.hbm.xml</value>
				<value>com/mobicule/icatalog/systemuser/bean/UserTerritoryMapping.hbm.xml</value>
				
				<!--Sync Audit-->
				<value>com/mobicule/icatalog/syncaudit/bean/SyncAudit.hbm.xml</value>
				
				<!-- App Config -->
				<value>com/mobicule/icatalog/appconfig/bean/AppConfig.hbm.xml</value>
				
			</list>
		</property>
		<property name="hibernateProperties">
			<props>
				<prop key="hibernate.dialect">org.hibernate.dialect.MySQLDialect</prop>
				<prop key="hibernate.show_sql">true</prop>
			</props>
		</property>
		<!-- <property name="entityInterceptor"> <ref local="dataBeanInterceptor"
			/> </property> -->
	</bean>

	<!-- Transaction manager for a single Hibernate SessionFactory (alternative
		to JTA) -->
	<bean id="transactionManager"
		class="org.springframework.orm.hibernate3.HibernateTransactionManager">
		<property name="sessionFactory">
			<ref local="sessionFactory" />
		</property>
	</bean>
	
</beans>
