<?xml version="1.0" encoding="UTF-8"?>
<beans xmlns="http://www.springframework.org/schema/beans"
	xmlns:xsi="http://www.w3.org/2001/XMLSchema-instance" xmlns:int="http://www.springframework.org/schema/integration"
	xmlns:int-file="http://www.springframework.org/schema/integration/file"
	xmlns:int-http="http://www.springframework.org/schema/integration/http"
	xmlns:int-stream="http://www.springframework.org/schema/integration/stream"
	xmlns:ws="http://www.springframework.org/schema/integration/ws"
	xmlns:util="http://www.springframework.org/schema/util" xmlns:task="http://www.springframework.org/schema/task"
	xsi:schemaLocation="http://www.springframework.org/schema/beans http://www.springframework.org/schema/beans/spring-beans.xsd
	http://www.springframework.org/schema/integration http://www.springframework.org/schema/integration/spring-integration.xsd
	http://www.springframework.org/schema/integration/file http://www.springframework.org/schema/integration/file/spring-integration-file.xsd
	http://www.springframework.org/schema/integration/http http://www.springframework.org/schema/integration/http/spring-integration-http.xsd
	http://www.springframework.org/schema/integration/stream
    http://www.springframework.org/schema/integration/stream/spring-integration-stream.xsd
    http://www.springframework.org/schema/integration/ws
    http://www.springframework.org/schema/integration/ws/spring-integration-ws.xsd
    http://www.springframework.org/schema/util 
    http://www.springframework.org/schema/util/spring-util.xsd
    http://www.springframework.org/schema/task 
    http://www.springframework.org/schema/task/spring-task.xsd ">


	<!-- <bean id="mailService"
		class="com.geeni.award.notification.mail.MailService">
	</bean>

	<bean id="gcmService"
		class="com.geeni.award.gcm.GCMService">
	</bean> -->
	
	<!-- <task:scheduled-tasks>
		<task:scheduled ref="mailService" method="sendMailNotifications"
			cron="0 */1 * * * *" />
	</task:scheduled-tasks>


	<task:scheduled-tasks>
		<task:scheduled ref="gcmService" method="sendGcmNotifications"
			cron="0 */1 * * * * " />
	</task:scheduled-tasks> -->
	
</beans>