<?xml version="1.0" encoding="UTF-8"?>
<beans xmlns="http://www.springframework.org/schema/beans"
	xmlns:xsi="http://www.w3.org/2001/XMLSchema-instance" xmlns:p="http://www.springframework.org/schema/p"
	xmlns:context="http://www.springframework.org/schema/context"
	xmlns:jee="http://www.springframework.org/schema/jee" xmlns:tx="http://www.springframework.org/schema/tx"
	xsi:schemaLocation="
			http://www.springframework.org/schema/beans http://www.springframework.org/schema/beans/spring-beans-2.5.xsd
			http://www.springframework.org/schema/context http://www.springframework.org/schema/context/spring-context-2.5.xsd
			http://www.springframework.org/schema/jee http://www.springframework.org/schema/jee/spring-jee-2.5.xsd
			http://www.springframework.org/schema/tx http://www.springframework.org/schema/tx/spring-tx-2.5.xsd">

	<!-- Url Mappings Resource -->

	<bean class="org.springframework.web.servlet.handler.SimpleUrlHandlerMapping">
		<property name="mappings">
			<props>
				<prop key="/conceptCat.htm">conceptCategoryController</prop>
				<prop key="/concept.htm">conceptController</prop>
				<prop key="/productCat.htm">productCategoryController</prop>
				<prop key="/product.htm">productController</prop>
				<prop key="/login.htm">userAuthenticationController</prop>
				<prop key="/user.htm">userController</prop>
				<prop key="/syncAudit.htm">syncAuditController</prop>
				<prop key="/customerShortlist.htm">customerShortlistController</prop>
				

			</props>
		</property>
	</bean>

	<!-- Import Resource -->

	<import resource="icatalog-admin/spring-config.xml" />
</beans>