<?xml version="1.0" encoding="UTF-8"?>
<!DOCTYPE hibernate-mapping PUBLIC
	"-//Hibernate/Hibernate Mapping DTD 3.0//EN"
	"http://hibernate.sourceforge.net/hibernate-mapping-3.0.dtd">
<hibernate-mapping>

	<class name="com.mobicule.icatalog.syncaudit.bean.SyncAudit"
		table="HANDHELD_SYNC_AUDIT" dynamic-update="true" dynamic-insert="true">
		<id name="id" type="java.lang.Long">
			<column name="ID" />
		  <generator class="identity" />
		</id>

		<property name="createdOn" type="java.sql.Timestamp">
			<column name="CREATED_ON" />
		</property>
		<property name="createdBy" type="java.lang.Long">
			<column name="CREATED_BY" />
		</property>
		<property name="modifiedOn" type="java.sql.Timestamp">
			<column name="MODIFIED_ON" />
		</property>
		<property name="modifiedBy" type="java.lang.Long">
			<column name="MODIFIED_BY" />
		</property>
		<property name="deleteFlag" type="string">
			<column name="DELETE_FLAG" />
		</property>

		
		
		<property name="userId" type="java.lang.Long" access="property">
			<column name="USER_ID" />
		</property>
		<property name="master" type="string" >
			<column name="MASTER" />
		</property>
		<property name="recordAdded" type="java.lang.Long" >
			<column name="NO_OF_RECORD_ADDED" />
		</property>
		<property name="recordModified" type="java.lang.Long" >
			<column name="NO_OF_RECORD_MODIFIED" />
		</property>
		<property name="recordDeleted" type="java.lang.Long" >
			<column name="NO_OF_RECORD_DELETED" />
		</property>
		<property name="syncDate" type="java.sql.Timestamp">
			<column name="SYNC_DATE" />
		</property>
		
		

		

	</class>
</hibernate-mapping>		
