<?xml version="1.0" encoding="UTF-8"?>
<beans xmlns="http://www.springframework.org/schema/beans"
	xmlns:xsi="http://www.w3.org/2001/XMLSchema-instance" xmlns:int="http://www.springframework.org/schema/integration"
	xmlns:int-file="http://www.springframework.org/schema/integration/file"
	xmlns:int-http="http://www.springframework.org/schema/integration/http"
	xmlns:int-stream="http://www.springframework.org/schema/integration/stream"
	xmlns:util="http://www.springframework.org/schema/util"
	xsi:schemaLocation="http://www.springframework.org/schema/beans http://www.springframework.org/schema/beans/spring-beans.xsd
	http://www.springframework.org/schema/integration http://www.springframework.org/schema/integration/spring-integration.xsd
	http://www.springframework.org/schema/integration/file http://www.springframework.org/schema/integration/file/spring-integration-file.xsd
	http://www.springframework.org/schema/integration/http http://www.springframework.org/schema/integration/http/spring-integration-http.xsd
	http://www.springframework.org/schema/integration/stream
    http://www.springframework.org/schema/integration/stream/spring-integration-stream.xsd
    http://www.springframework.org/schema/util 
    http://www.springframework.org/schema/util/spring-util.xsd">

	<!-- Application Configuration -->

	<util:map id="windchim">
		<entry key="date" value="01-March-2017" />
		<entry key="author" value="Raman" />
		<entry key="version" value="0.1.0" />
	</util:map>

	
	<util:map id="notificationConfig" map-class="java.util.HashMap">
		<entry key="serverkey" value="AIzaSyAXe2R_vTDEpNxWqrA3zgB2pshtyqBrUIY"/> 
		
		<!-- AIzaSyAlfD0UW5U4d-FsXt66rXbs4A0lFL4Q5p8 -->
		<entry key="fcmurl" value="https://fcm.googleapis.com/fcm/send"/>
	</util:map>
	
	
	<util:map id="eventconfig" map-class="java.util.HashMap">
		<entry key="event" value="Paalan introduces a %1$s event in near you, This event is orgnazied by %2$s. Event lolcation is %3$s. Kindly show your intrest. Thanks."/>
		<entry key="topicaname" value="/topics/event"/>
		<entry key="title" value="Paalan Event Alert"/>
		<entry key="peermessage" value="Dear %1$s, Your event titled %2$s published. Thanks for choosing Paalan."/>
		<entry key="broadcastmessage" value="Paalan introduces a %1$s event in near you, This event is orgnazied by %2$s. Event lolcation is %3$s. Kindly show your intrest. Thanks."/>
	</util:map>
	
	<util:map id="imageconfig" map-class="java.util.HashMap">
		<entry key="EVENT_BASE_PATH">
			<list>
				<!-- <value>D:/raman/flash.deals/test/store/</value> -->
				<value>D:/windchim/images/event/</value>
				<value>http://localhost:8090/windchim/ImageHandlerServlet?</value>
				<value>img</value>
				<value>event</value>
			</list>
		</entry>
		
		<entry key="SLIDER_IMG_BASE_PATH">
			<list>
				<value>D:/windchim/images/slider/</value>
				<value>http://localhost:8090/windchim/ImageHandlerServlet?</value>
				<value>image</value>
				<value>slider</value>
			</list>
		</entry>
		
		<entry key="DEFAULT_BUSINESS_IMAGE_CONFIG">
			<list>
				<value>/home/raman/Projects/flash.deals/test/dest/</value>
				<!-- <value>D:/raman/flash.deals/test/dest/dest/</value> -->
				<value>default</value>
			</list>
		</entry>		
		</util:map>
		<util:map id="appdownloadconfig" map-class="java.util.HashMap">
		<entry key="APK_BASE_PATH">
			<list>
				<value>D:/windchim/app</value>
				<value>http://localhost:8090/windchim/ImageHandlerServlet?</value>
				<value>windchimes</value>
				<value>app</value>
			</list>
		</entry>
		</util:map>
		
		<!-- For Flash Logo -->
		
		<util:map id="flashImageConfig" map-class="java.util.HashMap">
		<entry key="SLIDER_IMG_BASE_PATH">
			<list>
				<value>/home/raman/Projects/flash.deals/test/slider/</value>
			</list>
		</entry>
		<entry key="CATEGORY_IMG_BASE_PATH">
			<list>
				<value>/home/raman/Projects/flash.deals/test/category/</value>
			</list>
		</entry>
		
		<entry key="FLASH_IMAGE_BASE_PATH">
			<list>
				<value>D:/raman/flash.deals/test/dest/dest/</value>
				<value>http://192.168.0.15:8090/paalan/ImageHandlerServlet?</value>
				<value>geeni</value>
				<value>product</value>
			</list>
		</entry>
		<entry key="FLASH_STORE_BASE_PATH">
			<list>
				<value>/home/raman/Projects/flash.deals/test/store/</value>
				<value>http://192.168.0.15:8090/paalan/ImageHandlerServlet?</value>
				<value>store</value>
			</list>
		</entry>

		<entry key="IMAGE_DIRECTORY_NAMES">
			<list>
				<value>geeni</value>
			</list>
		</entry>
	</util:map>

</beans>