<?xml version="1.0" encoding="UTF-8"?>
<beans xmlns="http://www.springframework.org/schema/beans"
	xmlns:xsi="http://www.w3.org/2001/XMLSchema-instance" xmlns:int="http://www.springframework.org/schema/integration"
	xmlns:int-file="http://www.springframework.org/schema/integration/file"
	xmlns:int-http="http://www.springframework.org/schema/integration/http"
	xmlns:int-stream="http://www.springframework.org/schema/integration/stream"
	xmlns:ws="http://www.springframework.org/schema/integration/ws"
	xmlns:util="http://www.springframework.org/schema/util"
	xsi:schemaLocation="http://www.springframework.org/schema/beans
	 http://www.springframework.org/schema/beans/spring-beans.xsd
		http://www.springframework.org/schema/integration http://www.springframework.org/schema/integration/spring-integration.xsd
		http://www.springframework.org/schema/integration/file http://www.springframework.org/schema/integration/file/spring-integration-file.xsd
		http://www.springframework.org/schema/integration/http http://www.springframework.org/schema/integration/http/spring-integration-http.xsd
		http://www.springframework.org/schema/integration/stream
      	http://www.springframework.org/schema/integration/stream/spring-integration-stream.xsd
      	http://www.springframework.org/schema/integration/ws
      	http://www.springframework.org/schema/integration/ws/spring-integration-ws.xsd
      	http://www.springframework.org/schema/util 
      	http://www.springframework.org/schema/util/spring-util.xsd">
      	
      	
	<int:channel id="deviceRequestChannel" />
	<int:channel id="deviceResponseChannel"/>
	<int:channel id="requestRouterChannel" />

	<int:service-activator input-channel="deviceRequestChannel"
		ref="messageReceiver" output-channel="requestRouterChannel" />

	<!-- ######################A################################ -->

	<int:header-value-router input-channel="requestRouterChannel"
		header-name="entity" id="reqTypeRouterId">
		<int:mapping value="customer" channel="customerChannel" />
		<int:mapping value="merchant" channel="merchantChannel" />
	</int:header-value-router>
	
	<int:header-value-router input-channel="customerChannel"
		header-name="type" >
		<int:mapping value="version" channel="veriosnCheckChannel" />
		<int:mapping value="init" channel="appInitChannel" />
		<int:mapping value="registration" channel="customerRegChannel" />
		<int:mapping value="otpvalidate" channel="customerOtpChannel" />
		<int:mapping value="dealsync" channel="customerDealChannel" />
		<int:mapping value="datasync" channel="customerDataChannel" />
		<int:mapping value="profile" channel="customerProfileChannel" />
		<int:mapping value="notificationSync" channel="customerNotificationChannel" />
	</int:header-value-router>
	
	<int:header-value-router input-channel="merchantChannel"
		header-name="type" >
		<int:mapping value="registration" channel="merchantRegChannel" />
		<int:mapping value="login" channel="merchantLoginChannel" />
		<int:mapping value="otplogin" channel="merchantOtpLoginChannel" />
		<int:mapping value="profile" channel="merchantProfileChannel" />
		<int:mapping value="deal" channel="merchantDealChannel" />
		<int:mapping value="tagstore" channel="merchantStoreChannel" />
		<int:mapping value="dealhistory" channel="merchantDealHistoryChannel" />
		<int:mapping value="statics" channel="merchantDataChannel" />
		<int:mapping value="storesync" channel="merchantStoreSyncChannel" />
		<int:mapping value="subscription" channel="merchantSubscriptionChannel" />
		<int:mapping value="notificationSync" channel="merchantNotificationChannel" />
	</int:header-value-router>
	
	<!-- ###################### App Services ############################-->
	
	<int:service-activator ref="versionControlService"
		method="execute" input-channel="veriosnCheckChannel" output-channel="deviceResponseChannel" />
		
	<int:service-activator ref="appInitInitService"
		method="execute" input-channel="appInitChannel" output-channel="deviceResponseChannel" />
		
	<!-- ###################### Merchant Services ##########################-->
	
	<int:service-activator ref="merchantRegService"
		method="execute" input-channel="merchantRegChannel" output-channel="deviceResponseChannel" />
		
	<int:service-activator ref="merchantLoginService"
		method="execute" input-channel="merchantLoginChannel" output-channel="deviceResponseChannel" />
		
	<int:service-activator ref="merchantOtpLoginService"
		method="execute" input-channel="merchantLoginChannel" output-channel="deviceResponseChannel" />
		
	<int:service-activator ref="merchantProfileSyncService"
		method="execute" input-channel="merchantProfileChannel" output-channel="deviceResponseChannel" />
		
	<int:service-activator ref="merchantDealService"
		method="execute" input-channel="merchantDealChannel" output-channel="deviceResponseChannel" />
	
	<int:service-activator ref="merchantDealHistoryService"
		method="execute" input-channel="merchantDealHistoryChannel" output-channel="deviceResponseChannel" />
		
	<int:service-activator ref="merchantStoreTagService"
		method="execute" input-channel="merchantStoreChannel" output-channel="deviceResponseChannel" />
		
	<int:service-activator ref="merchantStoreSyncService"
		method="execute" input-channel="merchantStoreSyncChannel" output-channel="deviceResponseChannel" />
	
	<int:service-activator ref="subscriptionSyncService"
		method="execute" input-channel="merchantSubscriptionChannel" output-channel="deviceResponseChannel" />
		
	
	<int:service-activator ref="notificationSyncService"
		method="execute" input-channel="merchantNotificationChannel" output-channel="deviceResponseChannel" />
	
	<!-- ###################### Cutomer Services ##########################-->
	
	
		
	<int:service-activator ref="customerRegService"
		method="execute" input-channel="customerRegChannel" output-channel="deviceResponseChannel" />
		
	<int:service-activator ref="customerOtpService"
		method="execute" input-channel="customerOtpChannel" output-channel="deviceResponseChannel" />
		
	<int:service-activator ref="customerDealSyncService"
		method="execute" input-channel="customerDealChannel" output-channel="deviceResponseChannel" />
		
	<int:service-activator ref="customerDataSyncService"
		method="execute" input-channel="customerDataChannel" output-channel="deviceResponseChannel" />
		
	<int:service-activator ref="customerProfileSyncChannel"
		method="execute" input-channel="customerProfileChannel" output-channel="deviceResponseChannel" />
		
	<int:service-activator ref="notificationSyncService"
		method="execute" input-channel="customerNotificationChannel" output-channel="deviceResponseChannel" />
		
	<!-- ###################### Common Response Handler ##########################-->

	<int:outbound-channel-adapter ref="responseHandler"
		channel="deviceResponseChannel" />

</beans>