<?xml version="1.0" encoding="UTF-8"?>
<!DOCTYPE hibernate-mapping PUBLIC
	"-//Hibernate/Hibernate Mapping DTD 3.0//EN"
	"http://hibernate.sourceforge.net/hibernate-mapping-3.0.dtd">
<hibernate-mapping>

	<class name="com.mobicule.icatalog.customer.bean.CustomerShortlist"
		table="CUSTOMER_SHORTLIST" dynamic-update="true" dynamic-insert="true">
		<id name="id" type="java.lang.Long">
			<column name="ID" />
		  <generator class="identity" />
		</id>

		<property name="createdOn" type="java.sql.Timestamp">
			<column name="CREATED_ON" />
		</property>
		<property name="createdBy" type="java.lang.Long">
			<column name="CREATED_BY" />
		</property>
		<property name="modifiedOn" type="java.sql.Timestamp">
			<column name="MODIFIED_ON" />
		</property>
		<property name="modifiedBy" type="java.lang.Long">
			<column name="MODIFIED_BY" />
		</property>
		<property name="deleteFlag" type="string">
			<column name="DELETE_FLAG" />
		</property>

		<property name="userId" type="java.lang.Long" access="property">
			<column name="USER_ID" />
		</property>
		<property name="visitedDate" type="java.sql.Timestamp">
			<column name="VISITED_DATE" />
		</property>
		<property name="shortlistedItemType" type="string">
			<column name="SHORTLISTED_ITEM_TYPE" />
		</property>
		<property name="shortlistedItemCode" type="string">
			<column name="SHORTLISTED_ITEM_CODE" />
		</property>
		<property name="customerId" type="java.lang.Long">
			<column name="CUSTOMER_ID"/>
		</property>
		

		

	</class>
</hibernate-mapping>		
