<?xml version="1.0" encoding="UTF-8"?>	
<!DOCTYPE hibernate-mapping PUBLIC
	"-//Hibernate/Hibernate Mapping DTD 3.0//EN"
	"http://hibernate.sourceforge.net/hibernate-mapping-3.0.dtd">
	
<hibernate-mapping>

	<class name="com.mobicule.icatalog.customer.bean.Customer"
		table="CUSTOMER" dynamic-update="true" dynamic-insert="true">
	
		<id name="id" type="java.lang.Long">
			<column name="ID" />
		  <generator class="identity" />
		</id>

		<property name="createdOn" type="java.sql.Timestamp">
			<column name="CREATED_ON" />
		</property>
		<property name="createdBy" type="java.lang.Long">
			<column name="CREATED_BY" />
		</property>
		<property name="modifiedOn" type="java.sql.Timestamp">
			<column name="MODIFIED_ON" />
		</property>
		<property name="modifiedBy" type="java.lang.Long">
			<column name="MODIFIED_BY" />
		</property>
		<property name="deleteFlag" type="string">
			<column name="DELETE_FLAG" />
		</property>

		<property name="name" type="string" >
			<column name="NAME" />
		</property>
		<property name="contact" type="java.lang.Long" >
			<column name="CONTACT" />
		</property>
		<property name="gender" type="string">
			<column name="GENDER" />
		</property>
		<property name="email" type="string">
			<column name="EMAIL" />
		</property>
		<property name="location" type="string">
			<column name="LOCATION" />
		</property>
		
		<property name="emailStatus" type="string">
			<column name="EMAIL_STATUS" />
		</property>
		<property name="emailAttempts" type="java.lang.Long">
			<column name="EMAIL_ATTEMPTS" />
		</property>
	</class>

</hibernate-mapping>