<?xml version="1.0" encoding="UTF-8"?>
<beans xmlns="http://www.springframework.org/schema/beans"
	xmlns:xsi="http://www.w3.org/2001/XMLSchema-instance"
	xmlns:int="http://www.springframework.org/schema/integration"
	xmlns:int-file="http://www.springframework.org/schema/integration/file"
	xmlns:int-http="http://www.springframework.org/schema/integration/http"
	xmlns:int-stream="http://www.springframework.org/schema/integration/stream"
	xmlns:util="http://www.springframework.org/schema/util"
	xsi:schemaLocation="http://www.springframework.org/schema/beans 
	http://www.springframework.org/schema/beans/spring-beans.xsd
	http://www.springframework.org/schema/integration
	http://www.springframework.org/schema/integration/spring-integration.xsd
	http://www.springframework.org/schema/integration/file
	http://www.springframework.org/schema/integration/file/spring-integration-file.xsd
		http://www.springframework.org/schema/integration/http http://www.springframework.org/schema/integration/http/spring-integration-http.xsd
		http://www.springframework.org/schema/integration/stream
      	http://www.springframework.org/schema/integration/stream/spring-integration-stream.xsd
      	http://www.springframework.org/schema/util 
      	http://www.springframework.org/schema/util/spring-util.xsd">


	<bean id="merchantRegService" class="com.geeni.award.process.service.AwardProcessService">
		<!-- <property name="awardRedumptionProcessService" ref="awardRedumptionProcessService" /> -->
	</bean>

	
	<bean id="awardRedumptionProcessService" class="com.geeni.award.process.service.AwardRedumptionProcessService">
		<!-- <property name="entityDao" ref="awardProcessDao" /> -->
	</bean>
	
	<bean id="awardSkipProcesServices" class="com.geeni.award.process.service.AwardSkipProcesServices">
		<!-- <property name="entityDao" ref="leaveApprovalProcessDao" /> -->
	</bean>
	
	<bean id="awardSubmitProcessService" class="com.geeni.award.process.service.AwardSubmitProcesServices">
		<!-- <property name="entityDao" ref="leaveApprovalProcessDao" /> -->
	</bean>
	
	<bean id="userDataSubmitService" class="com.geeni.award.user.service.UserDatasubmitService"/>
	
	<bean id="mailService" class="com.geeni.award.notification.mail.MailService"/>
	
	<bean id="gcmService" class="com.geeni.award.gcm.GCMService"/>
	
	<bean id="reverseGeoService" class="com.geeni.award.geo.ReverseGeoService"/>
	
	<bean id="geeniImageUrlService" class="com.geeni.award.process.service.GeeniImageUrlService"/>
</beans>