<?xml version="1.0" encoding="UTF-8"?>
<beans xmlns="http://www.springframework.org/schema/beans"
	xmlns:xsi="http://www.w3.org/2001/XMLSchema-instance" xmlns:p="http://www.springframework.org/schema/p"
	xmlns:context="http://www.springframework.org/schema/context"
	xmlns:jee="http://www.springframework.org/schema/jee" xmlns:tx="http://www.springframework.org/schema/tx"
	xsi:schemaLocation="
			http://www.springframework.org/schema/beans http://www.springframework.org/schema/beans/spring-beans-2.5.xsd
			http://www.springframework.org/schema/context http://www.springframework.org/schema/context/spring-context-2.5.xsd
			http://www.springframework.org/schema/jee http://www.springframework.org/schema/jee/spring-jee-2.5.xsd
			http://www.springframework.org/schema/tx http://www.springframework.org/schema/tx/spring-tx-2.5.xsd">

	<!-- Spring Service Beans -->
	<bean id="productService"
		class="com.mobicule.icatalog.product.service.ProductServiceImpl">
		<property name="genericDataBeanDAO" ref="productDao" />
		<property name="inventoryDao" ref="inventoryDao" />
		<property name="prodPriceDao" ref="prodPriceDao" />
		<property name="variantDao" ref="variantDao" />
		<property name="recommendationDao" ref="recommendationDao" />
	</bean>
	
	<bean id="productCategoryService"
		class="com.mobicule.icatalog.product.service.ProductCategoryServiceImpl">
		<property name="genericDataBeanDAO" ref="productCategoryDao" />
	</bean>

	

</beans>
