<?xml version="1.0" encoding="UTF-8"?>
<beans xmlns="http://www.springframework.org/schema/beans"
	xmlns:xsi="http://www.w3.org/2001/XMLSchema-instance" xmlns:util="http://www.springframework.org/schema/util"
	xsi:schemaLocation="
http://www.springframework.org/schema/beans http://www.springframework.org/schema/beans/spring-beans-2.5.xsd
http://www.springframework.org/schema/util http://www.springframework.org/schema/util/spring-util-2.5.xsd">


	<util:map id="imageConfig" map-class="java.util.HashMap">
		<entry key="IMG_DIM_CONCEPT_CAT">
			<list>
				<value>296x222</value>
			</list>
		</entry>
		<entry key="IMG_DIM_PRODUCT_CAT">
			<list>
				<value>230x160</value>
			</list>
		</entry>
		<entry key="IMG_DIM_CONCEPT">
			<list>
			<value>1200x800</value>
				<value>296x222</value>
			</list>
		</entry>
		<entry key="IMG_DIM_PRODUCT">
			<list>
				<value>230x160</value>
				<value>1024x768</value>
			<!-- 	<value>512x384</value> -->
			</list>
		</entry>
		<entry key="IMAGE_BASE_PATH">
			<list>
					<value>/home/himanshu/Pictures/images/</value>
			</list>
		</entry>
		<entry key="IMAGE_SERVLET_CONFIGURATIONS">
			<list>

				<value>http://localhost:8080/icatalog-admin/ImageServlet?entity=</value>
				<value>image</value>
			</list>
		</entry>
		<entry key="IMAGE_DIRECTORY_NAMES">
			<list>
				<value>concept</value>
				<value>concept_category</value>
				<value>product</value>
				<value>product_category</value>
			</list>
		</entry>
		
	</util:map>



</beans>

