<?xml version="1.0" encoding="UTF-8"?>
<beans xmlns="http://www.springframework.org/schema/beans"
	xmlns:xsi="http://www.w3.org/2001/XMLSchema-instance" xmlns:aop="http://www.springframework.org/schema/aop"
	xmlns:tx="http://www.springframework.org/schema/tx"
	xsi:schemaLocation="
http://www.springframework.org/schema/beans http://www.springframework.org/schema/beans/spring-beans-2.0.xsd
http://www.springframework.org/schema/aop http://www.springframework.org/schema/aop/spring-aop-2.0.xsd
http://www.springframework.org/schema/tx http://www.springframework.org/schema/tx/spring-tx-2.0.xsd
">
	<bean id="methodLogger" class="com.mobicule.component.system.logging.DefaultMethodLogger" />
	<aop:config>
		<aop:aspect ref="methodLogger">
			<aop:pointcut id="loggingPointcut" expression="within(com.mobicule..*)" />
			<!--
			<aop:pointcut id="loggingPointcut" expression="execution(* *.*(..))" />
			-->
			<aop:around pointcut-ref="loggingPointcut" method="logMethod" />			
		</aop:aspect>
	</aop:config>
</beans>
