<?xml version="1.0" encoding="UTF-8"?>
<beans xmlns="http://www.springframework.org/schema/beans"
	xmlns:xsi="http://www.w3.org/2001/XMLSchema-instance"
	xsi:schemaLocation="http://www.springframework.org/schema/beans http://www.springframework.org/schema/beans/spring-beans.xsd">

	<bean name="conceptCategoryController"
		class="com.mobicule.icatalog.concept.controller.ConceptCategoryController">
		<property name="conceptCategoryService" ref="conceptCategoryService" />
		<property name="methodNameResolver" ref="paramResolver"/>
		<property name="imageConfig" ref="imageConfig"></property>
	</bean>
	
	
	<bean name="conceptController"
		class="com.mobicule.icatalog.concept.controller.ConceptController">
		<property name="conceptService" ref="conceptService" />
		<property name="conceptCategoryService" ref="conceptCategoryService" />
		<property name="productService" ref="productService" />
		<property name="methodNameResolver" ref="paramResolver"/>
		<property name="imageConfig" ref="imageConfig"></property>
	</bean>
	
</beans>