<?xml version="1.0" encoding="UTF-8"?>
<beans xmlns="http://www.springframework.org/schema/beans"
	xmlns:xsi="http://www.w3.org/2001/XMLSchema-instance" xmlns:p="http://www.springframework.org/schema/p"
	xmlns:context="http://www.springframework.org/schema/context"
	xmlns:jee="http://www.springframework.org/schema/jee" xmlns:tx="http://www.springframework.org/schema/tx"
	xsi:schemaLocation="
			http://www.springframework.org/schema/beans http://www.springframework.org/schema/beans/spring-beans-2.5.xsd
			http://www.springframework.org/schema/context http://www.springframework.org/schema/context/spring-context-2.5.xsd
			http://www.springframework.org/schema/jee http://www.springframework.org/schema/jee/spring-jee-2.5.xsd
			http://www.springframework.org/schema/tx http://www.springframework.org/schema/tx/spring-tx-2.5.xsd">

	<!-- Spring Dao Beans -->
	<bean id="productDao"
		class="com.mobicule.icatalog.product.dao.ProductHibernateDao">
		<property name="sessionFactory">
			<ref bean="sessionFactory" />
		</property>
		<property name="userDao">
			<ref bean="userDao" />
		</property>
		<property name="imageConfig" ref="imageConfig"></property>
	</bean>

	<bean id="productCategoryDao"
		class="com.mobicule.icatalog.product.dao.ProductCategoryHibernateDao">
		<property name="sessionFactory">
			<ref bean="sessionFactory" />
		</property>
		<property name="imageConfig" ref="imageConfig"></property>
	</bean>
	
	<bean id="inventoryDao"
		class="com.mobicule.icatalog.product.dao.ProductInventoryHibernateDao">
		<property name="sessionFactory">
			<ref bean="sessionFactory" />
		</property>
	</bean>
	
	<bean id="prodPriceDao"
		class="com.mobicule.icatalog.product.dao.ProductPriceHibernateDao">
		<property name="sessionFactory">
			<ref bean="sessionFactory" />
		</property>
	</bean>
	
	<bean id="variantDao"
		class="com.mobicule.icatalog.product.dao.ProductVariantHibernateDao">
		<property name="sessionFactory">
			<ref bean="sessionFactory" />
		</property>
	</bean>
	
	<bean id="recommendationDao"
		class="com.mobicule.icatalog.product.dao.ProductRecommendationHibernateDao">
		<property name="sessionFactory">
			<ref bean="sessionFactory" />
		</property>
	</bean>
</beans>
