<?xml version="1.0" encoding="UTF-8"?>
<!DOCTYPE hibernate-mapping PUBLIC
	"-//Hibernate/Hibernate Mapping DTD 3.0//EN"
	"http://hibernate.sourceforge.net/hibernate-mapping-3.0.dtd">
<hibernate-mapping>

	<class name="com.mobicule.icatalog.systemuser.bean.SystemUser"
		table="USER_TABLE" dynamic-update="true" dynamic-insert="true">
		<id name="id" type="java.lang.Long">
			<column name="ID" />
		  <generator class="identity" />
		</id>

		<property name="createdOn" type="java.sql.Timestamp">
			<column name="CREATED_ON" />
		</property>
		<property name="createdBy" type="java.lang.Long">
			<column name="CREATED_BY" />
		</property>
		<property name="modifiedOn" type="java.sql.Timestamp">
			<column name="MODIFIED_ON" />
		</property>
		<property name="modifiedBy" type="java.lang.Long">
			<column name="MODIFIED_BY" />
		</property>
		<property name="deleteFlag" type="string">
			<column name="DELETE_FLAG" />
		</property>

		<property name="roleId" type="java.lang.Long" access="property">
			<column name="ROLE_ID" />
		</property>
			<property name="profileId" type="java.lang.Long" access="property">
			<column name="PROFILE_ID" />
		</property>

		<property name="code" type="string">
			<column name="CODE" />
		</property>
		<property name="login" type="string">
			<column name="LOGIN" />
		</property>
		<property name="password" type="string">
			<column name="PASSWORD" />
		</property>
		
		<property name="firstName" type="string">
			<column name="FIRST_NAME" />
		</property>
		<property name="middleName" type="string">
			<column name="MIDDLE_NAME" />
		</property>
		<property name="lastName" type="string">
			<column name="LAST_NAME" />
		</property>
		
		<property name="address" type="string">
			<column name="ADDRESS" />
		</property>
		<property name="phoneNumber" type="string">
			<column name="PHONE_NUMBER" />
		</property>
		<property name="email" type="string">
			<column name="EMAIL" />
		</property>

		<property name="contactPerson" type="string">
			<column name="CONTACT_PERSON" />
		</property>

	</class>
</hibernate-mapping>		
